Customer ID,Customer Age (Months),Company Newsletter Interaction Count,Product Bug Task Count,Region,Vertical,Subvertical,Status,Customer Level,Year,Quarter,How likely are you to recommend insider to a friend or colleague ,How would you rate the value you gain from our company,How frequently are you using our platform,Please rate the overall quality of our products,Please rate the usability of the panel,Please rate your understanding of our reporting capabilities in the panel,MRR,Total Revenue,Help Ticket Count,Help Ticket Lead Time (hours)
CRM-1501000,12,0.0,0.0,Turkey,Retail,Fashion Retailer,Churn,Semi-Enterprise,2022.0,2.0,8.354166666666668,4.267857142857142,3.3333333333333335,4.0,4.0,3.1833333333333336,0.0,0.0,68.0,733.0
CRM-1469350,8,0.0,0.0,Turkey,Retail,Gifts,Churn,Long-tail,2022.0,2.0,8.354166666666668,4.267857142857142,3.3333333333333335,4.0,4.0,3.1833333333333336,0.0,0.0,0.0,0.0
CRM-379050,21,0.0,0.0,Vietnam,Travel,Online Travel Agency (OTA),Churn,Long-tail,2022.0,2.0,8.354166666666668,4.267857142857142,3.3333333333333335,4.0,4.0,3.1833333333333336,0.0,0.0,0.0,0.0
CRM-1177950,16,0.0,0.0,Turkey,Internet and Telecom,Internet and Telecom,Churn,Semi-Enterprise,2022.0,2.0,8.354166666666668,4.267857142857142,3.3333333333333335,4.0,4.0,3.1833333333333336,0.0,0.0,0.0,0.0
CRM-363150,3,0.0,0.0,Turkey,Travel,Online Travel Agency (OTA),Churn,Long-tail,2022.0,2.0,8.354166666666668,4.267857142857142,3.3333333333333335,4.0,4.0,3.1833333333333336,0.0,0.0,0.0,0.0
CRM-219500,5,0.0,0.0,Turkey,Retail,Gifts,Churn,Long-tail,2022.0,2.0,8.354166666666668,4.267857142857142,3.3333333333333335,4.0,4.0,3.1833333333333336,0.0,0.0,0.0,0.0
CRM-269450,3,0.0,0.0,Turkey,Retail,Book Retailers,Churn,Long-tail,2022.0,2.0,8.354166666666668,4.267857142857142,3.3333333333333335,4.0,4.0,3.1833333333333336,0.0,0.0,0.0,0.0
CRM-169450,2,0.0,0.0,Russia,Other,Other,Churn,Long-tail,2022.0,2.0,8.354166666666668,4.267857142857142,3.3333333333333335,4.0,4.0,3.1833333333333336,0.0,0.0,0.0,0.0
CRM-198900,8,0.0,0.0,CEE,Retail,Fashion Retailer,Churn,Long-tail,2022.0,2.0,8.354166666666668,4.267857142857142,3.3333333333333335,4.0,4.0,3.1833333333333336,0.0,0.0,0.0,0.0
CRM-237450,29,0.0,0.0,Japan,Automotive,Automotive,Churn,Long-tail,2022.0,2.0,8.354166666666668,4.267857142857142,3.3333333333333335,4.0,4.0,3.1833333333333336,0.0,0.0,0.0,0.0
CRM-459950,40,0.0,0.0,MENA,Retail,Marketplace,Churn,Semi-Enterprise,2022.0,2.0,8.354166666666668,4.267857142857142,3.3333333333333335,4.0,4.0,3.1833333333333336,0.0,0.0,1.0,2096.0
CRM-726500,12,0.0,0.0,Australia,Restaurants and Delivery,Restaurants and Delivery,Churn,Long-tail,2022.0,2.0,8.354166666666668,4.267857142857142,3.3333333333333335,4.0,4.0,3.1833333333333336,0.0,0.0,5.0,399.0
CRM-227350,8,0.0,0.0,Japan,Retail,Fashion Retailer,Churn,Long-tail,2022.0,2.0,8.354166666666668,4.267857142857142,3.3333333333333335,4.0,4.0,3.1833333333333336,0.0,0.0,0.0,0.0
CRM-1482800,16,0.0,0.0,Turkey,Retail,Consumer Electronics,Churn,Semi-Enterprise,2022.0,2.0,8.354166666666668,4.267857142857142,3.3333333333333335,4.0,4.0,3.1833333333333336,0.0,0.0,0.0,0.0
CRM-153200,36,0.0,0.0,Russia,Retail,Marketplace,Churn,Long-tail,2022.0,2.0,8.354166666666668,4.267857142857142,3.3333333333333335,4.0,4.0,3.1833333333333336,0.0,0.0,0.0,0.0
CRM-1421300,22,0.0,0.0,Turkey,Retail,Gifts,Churn,Long-tail,2022.0,2.0,8.354166666666668,4.267857142857142,3.3333333333333335,4.0,4.0,3.1833333333333336,0.0,0.0,0.0,0.0
CRM-390000,12,0.0,0.0,Hong Kong,Retail,Jewelry and Accessories,Churn,Long-tail,2022.0,2.0,8.354166666666668,4.267857142857142,3.3333333333333335,4.0,4.0,3.1833333333333336,0.0,0.0,0.0,0.0
CRM-362600,8,0.0,0.0,Japan,Internet and Telecom,Internet and Telecom,Churn,Long-tail,2022.0,2.0,8.354166666666668,4.267857142857142,3.3333333333333335,4.0,4.0,3.1833333333333336,0.0,0.0,0.0,0.0
CRM-746450,13,0.0,0.0,Vietnam,Career and Education,Education and Universities,Churn,Long-tail,2022.0,2.0,8.354166666666668,4.267857142857142,3.3333333333333335,4.0,4.0,3.1833333333333336,0.0,0.0,0.0,0.0
CRM-337850,11,0.0,0.0,Turkey,Finance,Insurance,Churn,Long-tail,2022.0,2.0,8.354166666666668,4.267857142857142,3.3333333333333335,4.0,4.0,3.1833333333333336,0.0,0.0,0.0,0.0
CRM-420000,23,0.0,0.0,Turkey,Retail,Toys,Churn,Semi-Enterprise,2022.0,2.0,8.354166666666668,4.267857142857142,3.3333333333333335,4.0,4.0,3.1833333333333336,0.0,0.0,0.0,0.0
CRM-1245850,3,0.0,0.0,CEE,B2B Commerce,Supermarket Chains,Churn,Long-tail,2022.0,2.0,8.354166666666668,4.267857142857142,3.3333333333333335,4.0,4.0,3.1833333333333336,0.0,0.0,0.0,0.0
CRM-1245900,3,0.0,0.0,CEE,B2B Commerce,Supermarket Chains,Churn,Long-tail,2022.0,2.0,8.354166666666668,4.267857142857142,3.3333333333333335,4.0,4.0,3.1833333333333336,0.0,0.0,0.0,0.0
CRM-244700,37,0.0,0.0,Turkey,Restaurants and Delivery,Restaurants and Delivery,Churn,Long-tail,2022.0,2.0,8.354166666666668,4.267857142857142,3.3333333333333335,4.0,4.0,3.1833333333333336,0.0,0.0,6.0,450.0
CRM-925400,15,0.0,0.0,CEE,B2B Commerce,Supermarket Chains,Churn,Enterprise,2022.0,2.0,8.354166666666668,4.267857142857142,3.3333333333333335,4.0,4.0,3.1833333333333336,0.0,0.0,6.0,821.0
CRM-268450,38,0.0,0.0,Australia,Retail,Fashion Retailer,Churn,Enterprise,2022.0,2.0,8.354166666666668,4.267857142857142,3.3333333333333335,4.0,4.0,3.1833333333333336,0.0,0.0,0.0,0.0
CRM-161950,47,0.0,0.0,Malaysia,Retail,Fashion Retailer,Churn,Enterprise,2022.0,2.0,8.354166666666668,4.267857142857142,3.3333333333333335,4.0,4.0,3.1833333333333336,0.0,0.0,0.0,0.0
CRM-161900,51,0.0,0.0,Singapore,Retail,Fashion Retailer,Churn,Enterprise,2022.0,2.0,8.354166666666668,4.267857142857142,3.3333333333333335,4.0,4.0,3.1833333333333336,0.0,0.0,0.0,0.0
CRM-240800,47,0.0,0.0,Thailand,Retail,Fashion Retailer,Churn,Enterprise,2022.0,2.0,8.354166666666668,4.267857142857142,3.3333333333333335,4.0,4.0,3.1833333333333336,0.0,0.0,0.0,0.0
CRM-259250,39,0.0,0.0,Taiwan,Retail,Fashion Retailer,Churn,Enterprise,2022.0,2.0,8.354166666666668,4.267857142857142,3.3333333333333335,4.0,4.0,3.1833333333333336,0.0,0.0,0.0,0.0
CRM-1445800,4,0.0,0.0,Malaysia,Career and Education,Education and Universities,Churn,Semi-Enterprise,2022.0,2.0,8.354166666666668,4.267857142857142,3.3333333333333335,4.0,4.0,3.1833333333333336,0.0,0.0,0.0,0.0
CRM-281750,36,0.0,0.0,Taiwan,Retail,Cosmetics,Churn,Long-tail,2022.0,2.0,8.354166666666668,4.267857142857142,3.3333333333333335,4.0,4.0,3.1833333333333336,0.0,0.0,0.0,0.0
CRM-332800,6,0.0,0.0,Turkey,Retail,Cosmetics,Churn,Long-tail,2022.0,2.0,8.354166666666668,4.267857142857142,3.3333333333333335,4.0,4.0,3.1833333333333336,0.0,0.0,0.0,0.0
CRM-1052200,30,0.0,0.0,Korea,Retail,Cosmetics,Churn,Enterprise,2022.0,2.0,8.354166666666668,4.267857142857142,3.3333333333333335,4.0,4.0,3.1833333333333336,0.0,0.0,0.0,0.0
CRM-713250,27,0.0,0.0,Taiwan,Retail,Supermarket Chains,Churn,Long-tail,2022.0,2.0,8.354166666666668,4.267857142857142,3.3333333333333335,4.0,4.0,3.1833333333333336,0.0,0.0,0.0,0.0
CRM-168000,42,0.0,0.0,Turkey,Retail,Fashion Retailer,Churn,Enterprise,2022.0,2.0,8.354166666666668,4.267857142857142,3.3333333333333335,4.0,4.0,3.1833333333333336,0.0,0.0,0.0,0.0
CRM-237650,41,0.0,0.0,Japan,Retail,Jewelry and Accessories,Churn,Long-tail,2022.0,2.0,8.354166666666668,4.267857142857142,3.3333333333333335,4.0,4.0,3.1833333333333336,0.0,0.0,0.0,0.0
CRM-1472100,24,0.0,0.0,Malaysia,Media and Publishing,Content Websites,Churn,Enterprise,2022.0,2.0,8.354166666666668,4.267857142857142,3.3333333333333335,4.0,4.0,3.1833333333333336,588.0,0.0,1.0,2127.0
CRM-729600,3,0.0,0.0,Turkey,Travel,Online Travel Agency (OTA),Churn,Long-tail,2022.0,2.0,8.354166666666668,4.267857142857142,3.3333333333333335,4.0,4.0,3.1833333333333336,0.0,0.0,0.0,0.0
CRM-732000,25,0.0,0.0,United Kingdom,Retail,Home and Furniture,Churn,Long-tail,2022.0,2.0,8.354166666666668,4.267857142857142,3.3333333333333335,4.0,4.0,3.1833333333333336,0.0,0.0,0.0,0.0
CRM-154100,3,0.0,0.0,Russia,Retail,Home and Furniture,Churn,Long-tail,2022.0,2.0,8.354166666666668,4.267857142857142,3.3333333333333335,4.0,4.0,3.1833333333333336,0.0,0.0,0.0,0.0
CRM-150850,19,0.0,0.0,MENA,Retail,Fashion Retailer,Churn,Long-tail,2022.0,2.0,8.354166666666668,4.267857142857142,3.3333333333333335,4.0,4.0,3.1833333333333336,0.0,0.0,0.0,0.0
CRM-1496950,11,0.0,0.0,Turkey,Automotive,Automotive,Churn,Enterprise,2022.0,2.0,8.354166666666668,4.267857142857142,3.3333333333333335,4.0,4.0,3.1833333333333336,0.0,0.0,7.0,151.0
CRM-174300,12,0.0,0.0,Turkey,Retail,Fashion Retailer,Churn,Long-tail,2022.0,2.0,8.354166666666668,4.267857142857142,3.3333333333333335,4.0,4.0,3.1833333333333336,0.0,0.0,0.0,0.0
CRM-268150,11,0.0,0.0,Turkey,Retail,Shoes,Churn,Long-tail,2022.0,2.0,8.354166666666668,4.267857142857142,3.3333333333333335,4.0,4.0,3.1833333333333336,0.0,0.0,0.0,0.0
CRM-158050,60,0.0,0.0,Turkey,Retail,Home Appliances,Churn,Enterprise,2022.0,2.0,8.354166666666668,4.267857142857142,3.3333333333333335,4.0,4.0,3.1833333333333336,0.0,0.0,29.0,1390.0
CRM-1304000,11,0.0,0.0,Vietnam,Travel,Transportation and Logistics,Churn,Long-tail,2022.0,2.0,8.354166666666668,4.267857142857142,3.3333333333333335,4.0,4.0,3.1833333333333336,0.0,0.0,0.0,0.0
CRM-263000,4,0.0,0.0,MENA,Travel,Hotels and Accommodation,Churn,Long-tail,2022.0,2.0,8.354166666666668,4.267857142857142,3.3333333333333335,4.0,4.0,3.1833333333333336,0.0,0.0,0.0,0.0
CRM-746200,12,0.0,0.0,Vietnam,Other,Other,Churn,Long-tail,2022.0,2.0,8.354166666666668,4.267857142857142,3.3333333333333335,4.0,4.0,3.1833333333333336,0.0,0.0,0.0,0.0
CRM-1493750,14,0.0,0.0,Vietnam,B2B SaaS,B2B SaaS,Churn,Semi-Enterprise,2022.0,2.0,8.354166666666668,4.267857142857142,3.3333333333333335,4.0,4.0,3.1833333333333336,0.0,0.0,7.0,819.0
CRM-815850,30,0.0,0.0,Vietnam,Retail,Consumer Electronics,Churn,Enterprise,2022.0,2.0,8.354166666666668,4.267857142857142,3.3333333333333335,4.0,4.0,3.1833333333333336,0.0,0.0,7.0,682.0
CRM-1486100,12,0.0,0.0,Vietnam,Automotive,Automotive,Churn,Semi-Enterprise,2022.0,2.0,8.354166666666668,4.267857142857142,3.3333333333333335,4.0,4.0,3.1833333333333336,0.0,0.0,0.0,0.0
CRM-477800,38,0.0,0.0,Vietnam,Other,Other,Churn,Enterprise,2022.0,2.0,8.354166666666668,4.267857142857142,3.3333333333333335,4.0,4.0,3.1833333333333336,0.0,0.0,0.0,0.0
CRM-535000,36,0.0,0.0,MENA,Retail,Consumer Electronics,Churn,Semi-Enterprise,2022.0,2.0,8.354166666666668,4.267857142857142,3.3333333333333335,4.0,4.0,3.1833333333333336,0.0,0.0,0.0,0.0
CRM-151700,57,0.0,0.0,MENA,Retail,Consumer Electronics,Churn,Enterprise,2022.0,2.0,8.354166666666668,4.267857142857142,3.3333333333333335,4.0,4.0,3.1833333333333336,0.0,0.0,11.0,2295.0
CRM-154250,34,0.0,0.0,CEE,Retail,Fashion Retailer,Churn,Long-tail,2022.0,2.0,8.354166666666668,4.267857142857142,3.3333333333333335,4.0,4.0,3.1833333333333336,0.0,0.0,0.0,0.0
CRM-1446850,18,0.0,0.0,Taiwan,Retail,Fashion Retailer,Churn,Enterprise,2022.0,2.0,8.354166666666668,4.267857142857142,3.3333333333333335,4.0,4.0,3.1833333333333336,0.0,0.0,0.0,0.0
CRM-199050,38,0.0,0.0,Spain,Finance,"Credit, Loans and P2P",Churn,Enterprise,2022.0,2.0,8.354166666666668,4.267857142857142,3.3333333333333335,4.0,4.0,3.1833333333333336,0.0,0.0,0.0,0.0
CRM-152850,22,0.0,0.0,CEE,Finance,"Credit, Loans and P2P",Churn,Long-tail,2022.0,2.0,8.354166666666668,4.267857142857142,3.3333333333333335,4.0,4.0,3.1833333333333336,0.0,0.0,0.0,0.0
CRM-1071750,18,0.0,0.0,Vietnam,Travel,Hotels and Accommodation,Churn,Semi-Enterprise,2022.0,2.0,8.354166666666668,4.267857142857142,3.3333333333333335,4.0,4.0,3.1833333333333336,0.0,0.0,0.0,0.0
CRM-169000,18,0.0,0.0,CEE,Retail,Consumer Electronics,Churn,Long-tail,2022.0,2.0,8.354166666666668,4.267857142857142,3.3333333333333335,4.0,4.0,3.1833333333333336,0.0,0.0,0.0,0.0
CRM-573700,28,0.0,0.0,CEE,Media and Publishing,Content Websites,Churn,Long-tail,2022.0,2.0,8.354166666666668,4.267857142857142,3.3333333333333335,4.0,4.0,3.1833333333333336,0.0,0.0,0.0,0.0
CRM-531350,36,0.0,0.0,Turkey,Internet and Telecom,Internet and Telecom,Churn,Enterprise,2022.0,2.0,8.354166666666668,4.267857142857142,3.3333333333333335,4.0,4.0,3.1833333333333336,0.0,0.0,53.0,754.0
CRM-1507700,8,0.0,0.0,Turkey,Retail,Marketplace,Churn,Enterprise,2022.0,2.0,8.354166666666668,4.267857142857142,3.3333333333333335,4.0,4.0,3.1833333333333336,0.0,0.0,48.0,470.0
CRM-1554200,8,0.0,0.0,MENA,Automotive,Automotive,Churn,Enterprise,2022.0,2.0,8.354166666666668,4.267857142857142,3.3333333333333335,4.0,4.0,3.1833333333333336,1300.0,0.0,3.0,494.0
CRM-1492850,13,0.0,171.0,MENA,Retail,Cosmetics,Churn,Semi-Enterprise,2022.0,2.0,7.0,4.0,3.0,4.0,4.0,5.0,0.0,0.0,33.0,1355.0
CRM-158100,44,0.0,0.0,Turkey,Retail,Consumer Electronics,Churn,Enterprise,2022.0,2.0,8.354166666666668,4.267857142857142,3.3333333333333335,4.0,4.0,3.1833333333333336,0.0,0.0,0.0,0.0
CRM-1105850,3,0.0,0.0,Turkey,Retail,Fashion Retailer,Churn,Long-tail,2022.0,2.0,8.354166666666668,4.267857142857142,3.3333333333333335,4.0,4.0,3.1833333333333336,0.0,0.0,0.0,0.0
CRM-1513800,13,0.0,112.0,Vietnam,Retail,Fashion Retailer,Churn,Semi-Enterprise,2022.0,2.0,9.0,5.0,2.0,5.0,5.0,4.0,2500.0,0.0,2.0,492.0
CRM-990850,3,0.0,0.0,Vietnam,Media and Publishing,Content Websites,Churn,Long-tail,2022.0,2.0,8.354166666666668,4.267857142857142,3.3333333333333335,4.0,4.0,3.1833333333333336,0.0,0.0,0.0,0.0
CRM-338550,10,0.0,0.0,Korea,Travel,Hotels and Accommodation,Churn,Long-tail,2022.0,2.0,8.354166666666668,4.267857142857142,3.3333333333333335,4.0,4.0,3.1833333333333336,0.0,0.0,0.0,0.0
CRM-1354300,7,0.0,0.0,Singapore,Finance,Banking,Churn,Long-tail,2022.0,2.0,8.354166666666668,4.267857142857142,3.3333333333333335,4.0,4.0,3.1833333333333336,0.0,0.0,0.0,0.0
CRM-459100,15,0.0,0.0,Turkey,Career and Education,Education and Universities,Churn,Long-tail,2022.0,2.0,8.354166666666668,4.267857142857142,3.3333333333333335,4.0,4.0,3.1833333333333336,0.0,0.0,0.0,0.0
CRM-1478600,11,0.0,0.0,France,Retail,Jewelry and Accessories,Churn,Enterprise,2022.0,2.0,8.354166666666668,4.267857142857142,3.3333333333333335,4.0,4.0,3.1833333333333336,0.0,0.0,24.0,345.0
CRM-205950,44,10.0,0.0,Turkey,Retail,Cosmetics,Churn,Long-tail,2022.0,2.0,8.354166666666668,4.267857142857142,3.3333333333333335,4.0,4.0,3.1833333333333336,0.0,0.0,16.0,305.0
CRM-1488400,19,0.0,0.0,Taiwan,Other,Other,Churn,Enterprise,2022.0,2.0,8.354166666666668,4.267857142857142,3.3333333333333335,4.0,4.0,3.1833333333333336,630.0,0.0,3.0,756.0
CRM-676000,3,0.0,0.0,Turkey,Retail,Jewelry and Accessories,Churn,Long-tail,2022.0,2.0,8.354166666666668,4.267857142857142,3.3333333333333335,4.0,4.0,3.1833333333333336,0.0,0.0,0.0,0.0
CRM-414350,14,0.0,0.0,Vietnam,Retail,Consumer Electronics,Churn,Long-tail,2022.0,2.0,8.354166666666668,4.267857142857142,3.3333333333333335,4.0,4.0,3.1833333333333336,0.0,0.0,0.0,0.0
CRM-1456700,10,0.0,0.0,MENA,Retail,Cosmetics,Churn,Enterprise,2022.0,2.0,8.354166666666668,4.267857142857142,3.3333333333333335,4.0,4.0,3.1833333333333336,0.0,0.0,0.0,0.0
CRM-687150,11,0.0,0.0,Indonesia,Retail,Jewelry and Accessories,Churn,Long-tail,2022.0,2.0,8.354166666666668,4.267857142857142,3.3333333333333335,4.0,4.0,3.1833333333333336,0.0,0.0,0.0,0.0
CRM-211150,21,0.0,0.0,Russia,Retail,Fashion Retailer,Churn,Long-tail,2022.0,2.0,8.354166666666668,4.267857142857142,3.3333333333333335,4.0,4.0,3.1833333333333336,0.0,0.0,0.0,0.0
CRM-552750,6,0.0,0.0,Malaysia,Retail,Fashion Retailer,Churn,Long-tail,2022.0,2.0,8.354166666666668,4.267857142857142,3.3333333333333335,4.0,4.0,3.1833333333333336,0.0,0.0,0.0,0.0
CRM-957750,19,0.0,0.0,Australia,Retail,Home Appliances,Churn,Enterprise,2022.0,2.0,8.354166666666668,4.267857142857142,3.3333333333333335,4.0,4.0,3.1833333333333336,0.0,0.0,0.0,0.0
CRM-152000,67,0.0,0.0,CEE,Retail,Jewelry and Accessories,Churn,Enterprise,2022.0,2.0,8.354166666666668,4.267857142857142,3.3333333333333335,4.0,4.0,3.1833333333333336,0.0,0.0,1.0,2584.0
CRM-1468400,12,0.0,0.0,Turkey,Retail,Home Appliances,Churn,Long-tail,2022.0,2.0,8.354166666666668,4.267857142857142,3.3333333333333335,4.0,4.0,3.1833333333333336,0.0,0.0,28.0,2127.0
CRM-1469600,15,0.0,0.0,Spain,Retail,Home Appliances,Churn,Long-tail,2022.0,2.0,8.354166666666668,4.267857142857142,3.3333333333333335,4.0,4.0,3.1833333333333336,0.0,0.0,7.0,1416.0
CRM-152350,30,0.0,0.0,CEE,Retail,Shoes,Churn,Long-tail,2022.0,2.0,8.354166666666668,4.267857142857142,3.3333333333333335,4.0,4.0,3.1833333333333336,0.0,0.0,0.0,0.0
CRM-175750,30,0.0,0.0,CEE,Retail,Shoes,Churn,Long-tail,2022.0,2.0,8.354166666666668,4.267857142857142,3.3333333333333335,4.0,4.0,3.1833333333333336,0.0,0.0,0.0,0.0
CRM-154200,33,0.0,0.0,CEE,Retail,Fashion Retailer,Churn,Long-tail,2022.0,2.0,8.354166666666668,4.267857142857142,3.3333333333333335,4.0,4.0,3.1833333333333336,0.0,0.0,0.0,0.0
CRM-609800,2,0.0,0.0,Turkey,Retail,Gifts,Churn,Long-tail,2022.0,2.0,8.354166666666668,4.267857142857142,3.3333333333333335,4.0,4.0,3.1833333333333336,0.0,0.0,0.0,0.0
CRM-152750,46,0.0,0.0,CEE,Retail,Shoes,Churn,Long-tail,2022.0,2.0,8.354166666666668,4.267857142857142,3.3333333333333335,4.0,4.0,3.1833333333333336,0.0,0.0,0.0,0.0
CRM-1497200,12,0.0,0.0,Korea,Retail,Sports,Churn,Semi-Enterprise,2022.0,2.0,8.354166666666668,4.267857142857142,3.3333333333333335,4.0,4.0,3.1833333333333336,0.0,0.0,0.0,0.0
CRM-1498250,7,0.0,0.0,Russia,Restaurants and Delivery,Restaurants and Delivery,Churn,Long-tail,2022.0,2.0,8.354166666666668,4.267857142857142,3.3333333333333335,4.0,4.0,3.1833333333333336,0.0,0.0,1.0,947.0
CRM-1514800,12,0.0,624.0,Taiwan,Retail,Home and Furniture,Churn,Long-tail,2022.0,2.5,8.75,4.25,3.0,4.25,3.25,2.0,0.0,0.0,26.0,449.0
CRM-1496650,12,0.0,0.0,Turkey,Retail,Fashion Retailer,Churn,Semi-Enterprise,2022.0,2.0,8.354166666666668,4.267857142857142,3.3333333333333335,4.0,4.0,3.1833333333333336,0.0,0.0,6.0,1870.0
CRM-1513400,14,0.0,387.0,Vietnam,Retail,Sports,Churn,Semi-Enterprise,2022.0,2.0,8.0,3.75,4.0,3.5,3.5,2.75,3862.0,0.0,19.0,582.0
CRM-1482150,12,0.0,0.0,Vietnam,Other,Other,Churn,Enterprise,2022.0,2.0,8.354166666666668,4.267857142857142,3.3333333333333335,4.0,4.0,3.1833333333333336,0.0,0.0,0.0,0.0
CRM-519200,7,0.0,0.0,Vietnam,Retail,Jewelry and Accessories,Churn,Long-tail,2022.0,2.0,8.354166666666668,4.267857142857142,3.3333333333333335,4.0,4.0,3.1833333333333336,0.0,0.0,0.0,0.0
CRM-1241050,14,0.0,0.0,United Kingdom,Retail,Home and Furniture,Churn,Long-tail,2022.0,2.0,8.354166666666668,4.267857142857142,3.3333333333333335,4.0,4.0,3.1833333333333336,0.0,0.0,0.0,0.0
CRM-1099500,12,0.0,0.0,MENA,Retail,Fashion Retailer,Churn,Semi-Enterprise,2022.0,2.0,8.354166666666668,4.267857142857142,3.3333333333333335,4.0,4.0,3.1833333333333336,0.0,0.0,0.0,0.0
CRM-1458250,3,0.0,0.0,Turkey,Retail,Supermarket Chains,Churn,Semi-Enterprise,2022.0,2.0,8.354166666666668,4.267857142857142,3.3333333333333335,4.0,4.0,3.1833333333333336,0.0,0.0,0.0,0.0
CRM-158000,36,0.0,0.0,Turkey,Career and Education,Jobs and Employment,Churn,Long-tail,2022.0,2.0,8.354166666666668,4.267857142857142,3.3333333333333335,4.0,4.0,3.1833333333333336,0.0,0.0,0.0,0.0
CRM-1508150,12,1.0,0.0,France,Comparison,Other,Churn,Semi-Enterprise,2022.0,2.0,8.354166666666668,4.267857142857142,3.3333333333333335,4.0,4.0,3.1833333333333336,0.0,0.0,1.0,17.0
CRM-1481150,18,0.0,0.0,Vietnam,Retail,Fashion Retailer,Churn,Semi-Enterprise,2022.0,2.0,8.354166666666668,4.267857142857142,3.3333333333333335,4.0,4.0,3.1833333333333336,3800.0,0.0,7.0,129.0
CRM-237550,31,0.0,0.0,Japan,Travel,Online Travel Agency (OTA),Churn,Long-tail,2022.0,2.0,8.354166666666668,4.267857142857142,3.3333333333333335,4.0,4.0,3.1833333333333336,0.0,0.0,0.0,0.0
CRM-566500,7,0.0,0.0,Thailand,Retail,Cosmetics,Churn,Long-tail,2022.0,2.0,8.354166666666668,4.267857142857142,3.3333333333333335,4.0,4.0,3.1833333333333336,0.0,0.0,4.0,728.0
CRM-1216050,32,0.0,0.0,Indonesia,Media and Publishing,Newspapers and Magazines,Churn,Semi-Enterprise,2022.0,2.0,8.354166666666668,4.267857142857142,3.3333333333333335,4.0,4.0,3.1833333333333336,0.0,0.0,0.0,0.0
CRM-1331650,4,0.0,0.0,Indonesia,Restaurants and Delivery,Restaurants and Delivery,Churn,Long-tail,2022.0,2.0,8.354166666666668,4.267857142857142,3.3333333333333335,4.0,4.0,3.1833333333333336,0.0,0.0,1.0,34.0
CRM-169300,9,0.0,0.0,CEE,Retail,Fashion Retailer,Churn,Long-tail,2022.0,2.0,8.354166666666668,4.267857142857142,3.3333333333333335,4.0,4.0,3.1833333333333336,0.0,0.0,0.0,0.0
CRM-1454200,24,0.0,291.0,Vietnam,Restaurants and Delivery,Restaurants and Delivery,Churn,Long-tail,2022.0,2.0,9.5,5.0,2.5,4.5,4.5,1.5,0.0,0.0,0.0,0.0
CRM-1463400,25,0.0,337.0,Hong Kong,Other,Other,Churn,Enterprise,2022.0,1.5,7.5,4.0,4.0,4.0,3.5,3.0,13876.0,0.0,0.0,0.0
CRM-1488450,17,0.0,0.0,Taiwan,Other,Other,Churn,Enterprise,2022.0,2.0,8.354166666666668,4.267857142857142,3.3333333333333335,4.0,4.0,3.1833333333333336,185.0,0.0,3.0,245.0
CRM-1495800,6,0.0,0.0,Spain,Retail,Cosmetics,Churn,Semi-Enterprise,2022.0,2.0,8.354166666666668,4.267857142857142,3.3333333333333335,4.0,4.0,3.1833333333333336,0.0,0.0,17.0,375.0
CRM-153700,46,0.0,0.0,Russia,Retail,Cosmetics,Churn,Enterprise,2022.0,2.0,8.354166666666668,4.267857142857142,3.3333333333333335,4.0,4.0,3.1833333333333336,0.0,0.0,8.0,2050.0
CRM-186200,20,0.0,0.0,CEE,Retail,Cosmetics,Churn,Long-tail,2022.0,2.0,8.354166666666668,4.267857142857142,3.3333333333333335,4.0,4.0,3.1833333333333336,0.0,0.0,0.0,0.0
CRM-243350,19,0.0,0.0,CEE,Retail,Cosmetics,Churn,Long-tail,2022.0,2.0,8.354166666666668,4.267857142857142,3.3333333333333335,4.0,4.0,3.1833333333333336,0.0,0.0,0.0,0.0
CRM-152550,71,0.0,211.0,CEE,Retail,Cosmetics,Churn,Enterprise,2022.0,1.5,9.5,5.0,2.5,5.0,5.0,1.5,0.0,0.0,59.0,1443.0
CRM-169200,58,0.0,0.0,CEE,Retail,Cosmetics,Churn,Semi-Enterprise,2022.0,2.0,8.354166666666668,4.267857142857142,3.3333333333333335,4.0,4.0,3.1833333333333336,0.0,0.0,57.0,1292.0
CRM-232800,16,0.0,0.0,CEE,Retail,Cosmetics,Churn,Long-tail,2022.0,2.0,8.354166666666668,4.267857142857142,3.3333333333333335,4.0,4.0,3.1833333333333336,0.0,0.0,0.0,0.0
CRM-159500,22,0.0,0.0,Turkey,Retail,Cosmetics,Churn,Long-tail,2022.0,2.0,8.354166666666668,4.267857142857142,3.3333333333333335,4.0,4.0,3.1833333333333336,0.0,0.0,0.0,0.0
CRM-559400,5,0.0,0.0,Singapore,Retail,Fashion Retailer,Churn,Long-tail,2022.0,2.0,8.354166666666668,4.267857142857142,3.3333333333333335,4.0,4.0,3.1833333333333336,0.0,0.0,0.0,0.0
CRM-1453850,19,0.0,0.0,Philippines,Retail,Cosmetics,Churn,Long-tail,2022.0,2.0,8.354166666666668,4.267857142857142,3.3333333333333335,4.0,4.0,3.1833333333333336,0.0,0.0,0.0,0.0
CRM-993300,26,0.0,0.0,Singapore,B2B Commerce,B2B Commerce,Churn,Enterprise,2022.0,2.0,8.354166666666668,4.267857142857142,3.3333333333333335,4.0,4.0,3.1833333333333336,0.0,0.0,6.0,1752.0
CRM-230750,21,0.0,0.0,Singapore,Retail,Fashion Retailer,Churn,Enterprise,2022.0,2.0,8.354166666666668,4.267857142857142,3.3333333333333335,4.0,4.0,3.1833333333333336,0.0,0.0,0.0,0.0
CRM-1494200,12,0.0,0.0,Turkey,Retail,Fashion Retailer,Churn,Long-tail,2022.0,2.0,8.354166666666668,4.267857142857142,3.3333333333333335,4.0,4.0,3.1833333333333336,0.0,0.0,20.0,803.0
CRM-1452500,3,0.0,0.0,Korea,Media and Publishing,Content Websites,Churn,Semi-Enterprise,2022.0,2.0,8.354166666666668,4.267857142857142,3.3333333333333335,4.0,4.0,3.1833333333333336,0.0,0.0,0.0,0.0
